hiroshi	*hiroshi	hiroshi	4
parks	*parks	parks	3
gofres	*gofres	gofres	3
minesota	*minesota	minesota	3
taro	*taro	taro	3
mustafá	*mustafá	mustafà	2
kemal	*kemal	kemal	2
blanc	*blanc	blanc	2
sr	*sr	sr	2
zürich	*zürich	zuric	2
sato	*sato	sato	2
ikeda	*ikeda	ikeda	2
sayoko	*sayoko	sayoko	2
keller	*keller	keller	1
mayuko	*mayuko	mayuko	1
empleó	*empleó	emprar	1
darby	*darby	darby	1
janet	*janet	janet	1
mantilla	*mantilla	mantellina	1
miyuki	*miyuki	miyuki	1
edison	*edison	edisor	1
robinson	*robinson	robinsor	1
robinson	*robinson	robinson	1
seiko	*seiko	seiko	1
carter	*carter	carter	1
sally	*sally	sally	1
